num_clients,seed,client_id,classes,counts
2,0,3,"['a', 'b', 'e', 'l']","{'l': 6, 'a': 3, 'b': 3, 'e': 3}"
2,0,9,"['a', 'b', 'e', 'l']","{'l': 1182, 'a': 591, 'b': 591, 'e': 591}"
2,0,3,"['a', 'b', 'e', 'l']","{'l': 6, 'a': 3, 'b': 3, 'e': 3}"
2,0,0,"['a', 'b', 'e', 'l']","{'l': 4, 'a': 2, 'b': 2, 'e': 2}"
2,0,0,"['a', 'b', 'e', 'l']","{'l': 4, 'a': 2, 'b': 2, 'e': 2}"
2,0,3,"['a', 'b', 'e', 'l']","{'l': 6, 'a': 3, 'b': 3, 'e': 3}"
2,0,0,"['a', 'b', 'e', 'l']","{'l': 4, 'a': 2, 'b': 2, 'e': 2}"
2,0,6,"['a', 'b', 'e', 'l']","{'l': 6, 'a': 3, 'b': 3, 'e': 3}"
2,0,4,"['a', 'b', 'e', 'l']","{'l': 24, 'a': 12, 'b': 12, 'e': 12}"
2,0,4,"['a', 'b', 'e', 'l']","{'l': 24, 'a': 12, 'b': 12, 'e': 12}"
2,0,6,"['a', 'b', 'e', 'l']","{'l': 6, 'a': 3, 'b': 3, 'e': 3}"
2,0,3,"['a', 'b', 'e', 'l']","{'l': 6, 'a': 3, 'b': 3, 'e': 3}"
2,0,3,"['a', 'b', 'e', 'l']","{'l': 6, 'a': 3, 'b': 3, 'e': 3}"
2,0,0,"['a', 'b', 'e', 'l']","{'l': 4, 'a': 2, 'b': 2, 'e': 2}"
2,0,6,"['a', 'b', 'e', 'l']","{'l': 6, 'a': 3, 'b': 3, 'e': 3}"
2,0,3,"['a', 'b', 'e', 'l']","{'l': 6, 'a': 3, 'b': 3, 'e': 3}"
2,0,3,"['a', 'b', 'e', 'l']","{'l': 6, 'a': 3, 'b': 3, 'e': 3}"
2,0,9,"['a', 'b', 'e', 'l']","{'l': 1182, 'a': 591, 'b': 591, 'e': 591}"
2,0,6,"['a', 'b', 'e', 'l']","{'l': 6, 'a': 3, 'b': 3, 'e': 3}"
2,0,3,"['a', 'b', 'e', 'l']","{'l': 6, 'a': 3, 'b': 3, 'e': 3}"
2,0,3,"['a', 'b', 'e', 'l']","{'l': 6, 'a': 3, 'b': 3, 'e': 3}"
2,0,0,"['a', 'b', 'e', 'l']","{'l': 4, 'a': 2, 'b': 2, 'e': 2}"
2,0,6,"['a', 'b', 'e', 'l']","{'l': 6, 'a': 3, 'b': 3, 'e': 3}"
2,0,9,"['a', 'b', 'e', 'l']","{'l': 1182, 'a': 591, 'b': 591, 'e': 591}"
2,0,0,"['a', 'b', 'e', 'l']","{'l': 4, 'a': 2, 'b': 2, 'e': 2}"
2,0,3,"['a', 'b', 'e', 'l']","{'l': 6, 'a': 3, 'b': 3, 'e': 3}"
2,0,9,"['a', 'b', 'e', 'l']","{'l': 1182, 'a': 591, 'b': 591, 'e': 591}"
2,1,4,"['a', 'b', 'e', 'l']","{'l': 24, 'a': 12, 'b': 12, 'e': 12}"
2,1,8,"['a', 'b', 'e', 'l']","{'l': 12, 'a': 6, 'b': 6, 'e': 6}"
2,1,9,"['a', 'b', 'e', 'l']","{'l': 1182, 'a': 591, 'b': 591, 'e': 591}"
2,1,6,"['a', 'b', 'e', 'l']","{'l': 6, 'a': 3, 'b': 3, 'e': 3}"
2,1,3,"['a', 'b', 'e', 'l']","{'l': 6, 'a': 3, 'b': 3, 'e': 3}"
2,1,3,"['a', 'b', 'e', 'l']","{'l': 6, 'a': 3, 'b': 3, 'e': 3}"
2,1,0,"['a', 'b', 'e', 'l']","{'l': 4, 'a': 2, 'b': 2, 'e': 2}"
2,1,0,"['a', 'b', 'e', 'l']","{'l': 4, 'a': 2, 'b': 2, 'e': 2}"
2,1,6,"['a', 'b', 'e', 'l']","{'l': 6, 'a': 3, 'b': 3, 'e': 3}"
2,1,0,"['a', 'b', 'e', 'l']","{'l': 4, 'a': 2, 'b': 2, 'e': 2}"
2,1,3,"['a', 'b', 'e', 'l']","{'l': 6, 'a': 3, 'b': 3, 'e': 3}"
2,1,0,"['a', 'b', 'e', 'l']","{'l': 4, 'a': 2, 'b': 2, 'e': 2}"
2,1,6,"['a', 'b', 'e', 'l']","{'l': 6, 'a': 3, 'b': 3, 'e': 3}"
2,1,4,"['a', 'b', 'e', 'l']","{'l': 24, 'a': 12, 'b': 12, 'e': 12}"
2,1,3,"['a', 'b', 'e', 'l']","{'l': 6, 'a': 3, 'b': 3, 'e': 3}"
2,1,0,"['a', 'b', 'e', 'l']","{'l': 4, 'a': 2, 'b': 2, 'e': 2}"
2,1,9,"['a', 'b', 'e', 'l']","{'l': 1182, 'a': 591, 'b': 591, 'e': 591}"
2,1,6,"['a', 'b', 'e', 'l']","{'l': 6, 'a': 3, 'b': 3, 'e': 3}"
2,1,3,"['a', 'b', 'e', 'l']","{'l': 6, 'a': 3, 'b': 3, 'e': 3}"
2,1,8,"['a', 'b', 'e', 'l']","{'l': 12, 'a': 6, 'b': 6, 'e': 6}"
2,1,9,"['a', 'b', 'e', 'l']","{'l': 1182, 'a': 591, 'b': 591, 'e': 591}"
2,1,6,"['a', 'b', 'e', 'l']","{'l': 6, 'a': 3, 'b': 3, 'e': 3}"
2,1,0,"['a', 'b', 'e', 'l']","{'l': 4, 'a': 2, 'b': 2, 'e': 2}"
2,1,8,"['a', 'b', 'e', 'l']","{'l': 12, 'a': 6, 'b': 6, 'e': 6}"
2,1,6,"['a', 'b', 'e', 'l']","{'l': 6, 'a': 3, 'b': 3, 'e': 3}"
2,1,9,"['a', 'b', 'e', 'l']","{'l': 1182, 'a': 591, 'b': 591, 'e': 591}"
2,1,6,"['a', 'b', 'e', 'l']","{'l': 6, 'a': 3, 'b': 3, 'e': 3}"
2,1,0,"['a', 'b', 'e', 'l']","{'l': 4, 'a': 2, 'b': 2, 'e': 2}"
2,1,9,"['a', 'b', 'e', 'l']","{'l': 1182, 'a': 591, 'b': 591, 'e': 591}"
2,1,9,"['a', 'b', 'e', 'l']","{'l': 1182, 'a': 591, 'b': 591, 'e': 591}"
2,1,0,"['a', 'b', 'e', 'l']","{'l': 4, 'a': 2, 'b': 2, 'e': 2}"
2,1,6,"['a', 'b', 'e', 'l']","{'l': 6, 'a': 3, 'b': 3, 'e': 3}"
2,1,9,"['a', 'b', 'e', 'l']","{'l': 1182, 'a': 591, 'b': 591, 'e': 591}"
2,2,4,"['a', 'b', 'e', 'l']","{'l': 24, 'a': 12, 'b': 12, 'e': 12}"
2,2,8,"['a', 'b', 'e', 'l']","{'l': 12, 'a': 6, 'b': 6, 'e': 6}"
2,2,2,"['a', 'b', 'e', 'l']","{'l': 600, 'a': 300, 'b': 300, 'e': 300}"
2,2,3,"['a', 'b', 'e', 'l']","{'l': 6, 'a': 3, 'b': 3, 'e': 3}"
2,2,9,"['a', 'b', 'e', 'l']","{'l': 1182, 'a': 591, 'b': 591, 'e': 591}"
2,2,9,"['a', 'b', 'e', 'l']","{'l': 1182, 'a': 591, 'b': 591, 'e': 591}"
2,2,0,"['a', 'b', 'e', 'l']","{'l': 4, 'a': 2, 'b': 2, 'e': 2}"
2,2,6,"['a', 'b', 'e', 'l']","{'l': 6, 'a': 3, 'b': 3, 'e': 3}"
2,2,9,"['a', 'b', 'e', 'l']","{'l': 1182, 'a': 591, 'b': 591, 'e': 591}"
2,2,9,"['a', 'b', 'e', 'l']","{'l': 1182, 'a': 591, 'b': 591, 'e': 591}"
2,2,3,"['a', 'b', 'e', 'l']","{'l': 6, 'a': 3, 'b': 3, 'e': 3}"
2,2,6,"['a', 'b', 'e', 'l']","{'l': 6, 'a': 3, 'b': 3, 'e': 3}"
2,2,9,"['a', 'b', 'e', 'l']","{'l': 1182, 'a': 591, 'b': 591, 'e': 591}"
2,2,9,"['a', 'b', 'e', 'l']","{'l': 1182, 'a': 591, 'b': 591, 'e': 591}"
2,2,6,"['a', 'b', 'e', 'l']","{'l': 6, 'a': 3, 'b': 3, 'e': 3}"
2,2,3,"['a', 'b', 'e', 'l']","{'l': 6, 'a': 3, 'b': 3, 'e': 3}"
2,2,9,"['a', 'b', 'e', 'l']","{'l': 1182, 'a': 591, 'b': 591, 'e': 591}"
2,2,9,"['a', 'b', 'e', 'l']","{'l': 1182, 'a': 591, 'b': 591, 'e': 591}"
2,2,3,"['a', 'b', 'e', 'l']","{'l': 6, 'a': 3, 'b': 3, 'e': 3}"
2,2,6,"['a', 'b', 'e', 'l']","{'l': 6, 'a': 3, 'b': 3, 'e': 3}"
2,2,9,"['a', 'b', 'e', 'l']","{'l': 1182, 'a': 591, 'b': 591, 'e': 591}"
2,2,9,"['a', 'b', 'e', 'l']","{'l': 1182, 'a': 591, 'b': 591, 'e': 591}"
2,2,0,"['a', 'b', 'e', 'l']","{'l': 4, 'a': 2, 'b': 2, 'e': 2}"
2,2,6,"['a', 'b', 'e', 'l']","{'l': 6, 'a': 3, 'b': 3, 'e': 3}"
2,2,9,"['a', 'b', 'e', 'l']","{'l': 1182, 'a': 591, 'b': 591, 'e': 591}"
2,2,9,"['a', 'b', 'e', 'l']","{'l': 1182, 'a': 591, 'b': 591, 'e': 591}"
2,2,3,"['a', 'b', 'e', 'l']","{'l': 6, 'a': 3, 'b': 3, 'e': 3}"
2,2,6,"['a', 'b', 'e', 'l']","{'l': 6, 'a': 3, 'b': 3, 'e': 3}"
2,2,9,"['a', 'b', 'e', 'l']","{'l': 1182, 'a': 591, 'b': 591, 'e': 591}"
2,2,9,"['a', 'b', 'e', 'l']","{'l': 1182, 'a': 591, 'b': 591, 'e': 591}"
2,2,4,"['a', 'b', 'e', 'l']","{'l': 24, 'a': 12, 'b': 12, 'e': 12}"
2,2,3,"['a', 'b', 'e', 'l']","{'l': 6, 'a': 3, 'b': 3, 'e': 3}"
2,2,9,"['a', 'b', 'e', 'l']","{'l': 1182, 'a': 591, 'b': 591, 'e': 591}"
2,2,9,"['a', 'b', 'e', 'l']","{'l': 1182, 'a': 591, 'b': 591, 'e': 591}"
2,2,6,"['a', 'b', 'e', 'l']","{'l': 6, 'a': 3, 'b': 3, 'e': 3}"
2,2,3,"['a', 'b', 'e', 'l']","{'l': 6, 'a': 3, 'b': 3, 'e': 3}"
2,2,9,"['a', 'b', 'e', 'l']","{'l': 1182, 'a': 591, 'b': 591, 'e': 591}"
2,2,9,"['a', 'b', 'e', 'l']","{'l': 1182, 'a': 591, 'b': 591, 'e': 591}"
2,2,3,"['a', 'b', 'e', 'l']","{'l': 6, 'a': 3, 'b': 3, 'e': 3}"
2,2,6,"['a', 'b', 'e', 'l']","{'l': 6, 'a': 3, 'b': 3, 'e': 3}"
2,2,9,"['a', 'b', 'e', 'l']","{'l': 1182, 'a': 591, 'b': 591, 'e': 591}"
2,3,5,"['a', 'b', 'e', 'l']","{'l': 276, 'a': 138, 'b': 138, 'e': 138}"
2,3,9,"['a', 'b', 'e', 'l']","{'l': 1182, 'a': 591, 'b': 591, 'e': 591}"
2,3,3,"['a', 'b', 'e', 'l']","{'l': 6, 'a': 3, 'b': 3, 'e': 3}"
2,3,8,"['a', 'b', 'e', 'l']","{'l': 12, 'a': 6, 'b': 6, 'e': 6}"
2,3,6,"['a', 'b', 'e', 'l']","{'l': 6, 'a': 3, 'b': 3, 'e': 3}"
2,3,0,"['a', 'b', 'e', 'l']","{'l': 4, 'a': 2, 'b': 2, 'e': 2}"
2,3,9,"['a', 'b', 'e', 'l']","{'l': 1182, 'a': 591, 'b': 591, 'e': 591}"
2,3,0,"['a', 'b', 'e', 'l']","{'l': 4, 'a': 2, 'b': 2, 'e': 2}"
2,3,6,"['a', 'b', 'e', 'l']","{'l': 6, 'a': 3, 'b': 3, 'e': 3}"
2,3,0,"['a', 'b', 'e', 'l']","{'l': 4, 'a': 2, 'b': 2, 'e': 2}"
2,3,9,"['a', 'b', 'e', 'l']","{'l': 1182, 'a': 591, 'b': 591, 'e': 591}"
2,3,0,"['a', 'b', 'e', 'l']","{'l': 4, 'a': 2, 'b': 2, 'e': 2}"
2,3,3,"['a', 'b', 'e', 'l']","{'l': 6, 'a': 3, 'b': 3, 'e': 3}"
2,3,6,"['a', 'b', 'e', 'l']","{'l': 6, 'a': 3, 'b': 3, 'e': 3}"
2,3,3,"['a', 'b', 'e', 'l']","{'l': 6, 'a': 3, 'b': 3, 'e': 3}"
2,3,0,"['a', 'b', 'e', 'l']","{'l': 4, 'a': 2, 'b': 2, 'e': 2}"
2,3,9,"['a', 'b', 'e', 'l']","{'l': 1182, 'a': 591, 'b': 591, 'e': 591}"
2,3,6,"['a', 'b', 'e', 'l']","{'l': 6, 'a': 3, 'b': 3, 'e': 3}"
2,3,0,"['a', 'b', 'e', 'l']","{'l': 4, 'a': 2, 'b': 2, 'e': 2}"
2,3,4,"['a', 'b', 'e', 'l']","{'l': 24, 'a': 12, 'b': 12, 'e': 12}"
2,3,3,"['a', 'b', 'e', 'l']","{'l': 6, 'a': 3, 'b': 3, 'e': 3}"
2,3,4,"['a', 'b', 'e', 'l']","{'l': 24, 'a': 12, 'b': 12, 'e': 12}"
2,3,6,"['a', 'b', 'e', 'l']","{'l': 6, 'a': 3, 'b': 3, 'e': 3}"
2,3,0,"['a', 'b', 'e', 'l']","{'l': 4, 'a': 2, 'b': 2, 'e': 2}"
2,3,9,"['a', 'b', 'e', 'l']","{'l': 1182, 'a': 591, 'b': 591, 'e': 591}"
2,3,0,"['a', 'b', 'e', 'l']","{'l': 4, 'a': 2, 'b': 2, 'e': 2}"
2,3,3,"['a', 'b', 'e', 'l']","{'l': 6, 'a': 3, 'b': 3, 'e': 3}"
2,3,3,"['a', 'b', 'e', 'l']","{'l': 6, 'a': 3, 'b': 3, 'e': 3}"
2,3,9,"['a', 'b', 'e', 'l']","{'l': 1182, 'a': 591, 'b': 591, 'e': 591}"
2,3,0,"['a', 'b', 'e', 'l']","{'l': 4, 'a': 2, 'b': 2, 'e': 2}"
2,3,3,"['a', 'b', 'e', 'l']","{'l': 6, 'a': 3, 'b': 3, 'e': 3}"
2,3,9,"['a', 'b', 'e', 'l']","{'l': 1182, 'a': 591, 'b': 591, 'e': 591}"
2,4,3,"['a', 'b', 'e', 'l']","{'l': 6, 'a': 3, 'b': 3, 'e': 3}"
2,4,8,"['a', 'b', 'e', 'l']","{'l': 12, 'a': 6, 'b': 6, 'e': 6}"
2,4,9,"['a', 'b', 'e', 'l']","{'l': 1182, 'a': 591, 'b': 591, 'e': 591}"
2,4,8,"['a', 'b', 'e', 'l']","{'l': 12, 'a': 6, 'b': 6, 'e': 6}"
2,4,6,"['a', 'b', 'e', 'l']","{'l': 6, 'a': 3, 'b': 3, 'e': 3}"
2,4,0,"['a', 'b', 'e', 'l']","{'l': 4, 'a': 2, 'b': 2, 'e': 2}"
2,4,6,"['a', 'b', 'e', 'l']","{'l': 6, 'a': 3, 'b': 3, 'e': 3}"
2,4,9,"['a', 'b', 'e', 'l']","{'l': 1182, 'a': 591, 'b': 591, 'e': 591}"
2,4,3,"['a', 'b', 'e', 'l']","{'l': 6, 'a': 3, 'b': 3, 'e': 3}"
2,4,4,"['a', 'b', 'e', 'l']","{'l': 24, 'a': 12, 'b': 12, 'e': 12}"
2,4,3,"['a', 'b', 'e', 'l']","{'l': 6, 'a': 3, 'b': 3, 'e': 3}"
2,4,8,"['a', 'b', 'e', 'l']","{'l': 12, 'a': 6, 'b': 6, 'e': 6}"
2,4,6,"['a', 'b', 'e', 'l']","{'l': 6, 'a': 3, 'b': 3, 'e': 3}"
2,4,0,"['a', 'b', 'e', 'l']","{'l': 4, 'a': 2, 'b': 2, 'e': 2}"
2,4,0,"['a', 'b', 'e', 'l']","{'l': 4, 'a': 2, 'b': 2, 'e': 2}"
2,4,9,"['a', 'b', 'e', 'l']","{'l': 1182, 'a': 591, 'b': 591, 'e': 591}"
2,4,6,"['a', 'b', 'e', 'l']","{'l': 6, 'a': 3, 'b': 3, 'e': 3}"
2,4,3,"['a', 'b', 'e', 'l']","{'l': 6, 'a': 3, 'b': 3, 'e': 3}"
2,4,0,"['a', 'b', 'e', 'l']","{'l': 4, 'a': 2, 'b': 2, 'e': 2}"
2,4,9,"['a', 'b', 'e', 'l']","{'l': 1182, 'a': 591, 'b': 591, 'e': 591}"
2,4,6,"['a', 'b', 'e', 'l']","{'l': 6, 'a': 3, 'b': 3, 'e': 3}"
2,4,8,"['a', 'b', 'e', 'l']","{'l': 12, 'a': 6, 'b': 6, 'e': 6}"
2,4,0,"['a', 'b', 'e', 'l']","{'l': 4, 'a': 2, 'b': 2, 'e': 2}"
2,4,6,"['a', 'b', 'e', 'l']","{'l': 6, 'a': 3, 'b': 3, 'e': 3}"
2,4,6,"['a', 'b', 'e', 'l']","{'l': 6, 'a': 3, 'b': 3, 'e': 3}"
2,4,3,"['a', 'b', 'e', 'l']","{'l': 6, 'a': 3, 'b': 3, 'e': 3}"
2,4,0,"['a', 'b', 'e', 'l']","{'l': 4, 'a': 2, 'b': 2, 'e': 2}"
2,4,9,"['a', 'b', 'e', 'l']","{'l': 1182, 'a': 591, 'b': 591, 'e': 591}"
2,4,0,"['a', 'b', 'e', 'l']","{'l': 4, 'a': 2, 'b': 2, 'e': 2}"
2,4,3,"['a', 'b', 'e', 'l']","{'l': 6, 'a': 3, 'b': 3, 'e': 3}"
2,4,9,"['a', 'b', 'e', 'l']","{'l': 1182, 'a': 591, 'b': 591, 'e': 591}"
5,0,4,"['a', 'b', 'e', 'l']","{'l': 24, 'a': 12, 'b': 12, 'e': 12}"
5,0,8,"['a', 'b', 'e', 'l']","{'l': 12, 'a': 6, 'b': 6, 'e': 6}"
5,0,2,"['a', 'b', 'e', 'l']","{'l': 600, 'a': 300, 'b': 300, 'e': 300}"
5,0,3,"['a', 'b', 'e', 'l']","{'l': 6, 'a': 3, 'b': 3, 'e': 3}"
5,0,9,"['a', 'b', 'e', 'l']","{'l': 1182, 'a': 591, 'b': 591, 'e': 591}"
5,0,9,"['a', 'b', 'e', 'l']","{'l': 1182, 'a': 591, 'b': 591, 'e': 591}"
5,0,6,"['a', 'b', 'e', 'l']","{'l': 6, 'a': 3, 'b': 3, 'e': 3}"
5,0,3,"['a', 'b', 'e', 'l']","{'l': 6, 'a': 3, 'b': 3, 'e': 3}"
5,0,9,"['a', 'b', 'e', 'l']","{'l': 1182, 'a': 591, 'b': 591, 'e': 591}"
5,0,9,"['a', 'b', 'e', 'l']","{'l': 1182, 'a': 591, 'b': 591, 'e': 591}"
5,0,3,"['a', 'b', 'e', 'l']","{'l': 6, 'a': 3, 'b': 3, 'e': 3}"
5,0,6,"['a', 'b', 'e', 'l']","{'l': 6, 'a': 3, 'b': 3, 'e': 3}"
5,0,9,"['a', 'b', 'e', 'l']","{'l': 1182, 'a': 591, 'b': 591, 'e': 591}"
5,0,9,"['a', 'b', 'e', 'l']","{'l': 1182, 'a': 591, 'b': 591, 'e': 591}"
5,0,6,"['a', 'b', 'e', 'l']","{'l': 6, 'a': 3, 'b': 3, 'e': 3}"
5,0,3,"['a', 'b', 'e', 'l']","{'l': 6, 'a': 3, 'b': 3, 'e': 3}"
5,0,0,"['a', 'b', 'e', 'l']","{'l': 4, 'a': 2, 'b': 2, 'e': 2}"
5,0,9,"['a', 'b', 'e', 'l']","{'l': 1182, 'a': 591, 'b': 591, 'e': 591}"
5,0,3,"['a', 'b', 'e', 'l']","{'l': 6, 'a': 3, 'b': 3, 'e': 3}"
5,0,6,"['a', 'b', 'e', 'l']","{'l': 6, 'a': 3, 'b': 3, 'e': 3}"
5,0,9,"['a', 'b', 'e', 'l']","{'l': 1182, 'a': 591, 'b': 591, 'e': 591}"
5,0,9,"['a', 'b', 'e', 'l']","{'l': 1182, 'a': 591, 'b': 591, 'e': 591}"
5,0,6,"['a', 'b', 'e', 'l']","{'l': 6, 'a': 3, 'b': 3, 'e': 3}"
5,0,3,"['a', 'b', 'e', 'l']","{'l': 6, 'a': 3, 'b': 3, 'e': 3}"
5,0,9,"['a', 'b', 'e', 'l']","{'l': 1182, 'a': 591, 'b': 591, 'e': 591}"
5,0,9,"['a', 'b', 'e', 'l']","{'l': 1182, 'a': 591, 'b': 591, 'e': 591}"
5,0,3,"['a', 'b', 'e', 'l']","{'l': 6, 'a': 3, 'b': 3, 'e': 3}"
5,0,6,"['a', 'b', 'e', 'l']","{'l': 6, 'a': 3, 'b': 3, 'e': 3}"
5,0,9,"['a', 'b', 'e', 'l']","{'l': 1182, 'a': 591, 'b': 591, 'e': 591}"
5,0,9,"['a', 'b', 'e', 'l']","{'l': 1182, 'a': 591, 'b': 591, 'e': 591}"
5,0,6,"['a', 'b', 'e', 'l']","{'l': 6, 'a': 3, 'b': 3, 'e': 3}"
5,0,3,"['a', 'b', 'e', 'l']","{'l': 6, 'a': 3, 'b': 3, 'e': 3}"
5,0,0,"['a', 'b', 'e', 'l']","{'l': 4, 'a': 2, 'b': 2, 'e': 2}"
5,0,9,"['a', 'b', 'e', 'l']","{'l': 1182, 'a': 591, 'b': 591, 'e': 591}"
5,0,6,"['a', 'b', 'e', 'l']","{'l': 6, 'a': 3, 'b': 3, 'e': 3}"
5,0,0,"['a', 'b', 'e', 'l']","{'l': 4, 'a': 2, 'b': 2, 'e': 2}"
5,0,4,"['a', 'b', 'e', 'l']","{'l': 24, 'a': 12, 'b': 12, 'e': 12}"
5,0,9,"['a', 'b', 'e', 'l']","{'l': 1182, 'a': 591, 'b': 591, 'e': 591}"
5,0,3,"['a', 'b', 'e', 'l']","{'l': 6, 'a': 3, 'b': 3, 'e': 3}"
5,0,0,"['a', 'b', 'e', 'l']","{'l': 4, 'a': 2, 'b': 2, 'e': 2}"
5,0,9,"['a', 'b', 'e', 'l']","{'l': 1182, 'a': 591, 'b': 591, 'e': 591}"
5,1,3,"['a', 'b', 'e', 'l']","{'l': 6, 'a': 3, 'b': 3, 'e': 3}"
5,1,8,"['a', 'b', 'e', 'l']","{'l': 12, 'a': 6, 'b': 6, 'e': 6}"
5,1,9,"['a', 'b', 'e', 'l']","{'l': 1182, 'a': 591, 'b': 591, 'e': 591}"
5,1,6,"['a', 'b', 'e', 'l']","{'l': 6, 'a': 3, 'b': 3, 'e': 3}"
5,1,0,"['a', 'b', 'e', 'l']","{'l': 4, 'a': 2, 'b': 2, 'e': 2}"
5,1,8,"['a', 'b', 'e', 'l']","{'l': 12, 'a': 6, 'b': 6, 'e': 6}"
5,1,9,"['a', 'b', 'e', 'l']","{'l': 1182, 'a': 591, 'b': 591, 'e': 591}"
5,1,9,"['a', 'b', 'e', 'l']","{'l': 1182, 'a': 591, 'b': 591, 'e': 591}"
5,1,3,"['a', 'b', 'e', 'l']","{'l': 6, 'a': 3, 'b': 3, 'e': 3}"
5,1,0,"['a', 'b', 'e', 'l']","{'l': 4, 'a': 2, 'b': 2, 'e': 2}"
5,1,9,"['a', 'b', 'e', 'l']","{'l': 1182, 'a': 591, 'b': 591, 'e': 591}"
5,1,9,"['a', 'b', 'e', 'l']","{'l': 1182, 'a': 591, 'b': 591, 'e': 591}"
5,1,6,"['a', 'b', 'e', 'l']","{'l': 6, 'a': 3, 'b': 3, 'e': 3}"
5,1,0,"['a', 'b', 'e', 'l']","{'l': 4, 'a': 2, 'b': 2, 'e': 2}"
5,1,9,"['a', 'b', 'e', 'l']","{'l': 1182, 'a': 591, 'b': 591, 'e': 591}"
5,1,9,"['a', 'b', 'e', 'l']","{'l': 1182, 'a': 591, 'b': 591, 'e': 591}"
5,1,0,"['a', 'b', 'e', 'l']","{'l': 4, 'a': 2, 'b': 2, 'e': 2}"
5,1,6,"['a', 'b', 'e', 'l']","{'l': 6, 'a': 3, 'b': 3, 'e': 3}"
5,1,9,"['a', 'b', 'e', 'l']","{'l': 1182, 'a': 591, 'b': 591, 'e': 591}"
5,1,9,"['a', 'b', 'e', 'l']","{'l': 1182, 'a': 591, 'b': 591, 'e': 591}"
5,1,0,"['a', 'b', 'e', 'l']","{'l': 4, 'a': 2, 'b': 2, 'e': 2}"
5,1,3,"['a', 'b', 'e', 'l']","{'l': 6, 'a': 3, 'b': 3, 'e': 3}"
5,1,0,"['a', 'b', 'e', 'l']","{'l': 4, 'a': 2, 'b': 2, 'e': 2}"
5,1,9,"['a', 'b', 'e', 'l']","{'l': 1182, 'a': 591, 'b': 591, 'e': 591}"
5,1,6,"['a', 'b', 'e', 'l']","{'l': 6, 'a': 3, 'b': 3, 'e': 3}"
5,1,0,"['a', 'b', 'e', 'l']","{'l': 4, 'a': 2, 'b': 2, 'e': 2}"
5,1,8,"['a', 'b', 'e', 'l']","{'l': 12, 'a': 6, 'b': 6, 'e': 6}"
5,1,6,"['a', 'b', 'e', 'l']","{'l': 6, 'a': 3, 'b': 3, 'e': 3}"
5,1,9,"['a', 'b', 'e', 'l']","{'l': 1182, 'a': 591, 'b': 591, 'e': 591}"
5,1,3,"['a', 'b', 'e', 'l']","{'l': 6, 'a': 3, 'b': 3, 'e': 3}"
5,1,0,"['a', 'b', 'e', 'l']","{'l': 4, 'a': 2, 'b': 2, 'e': 2}"
5,1,0,"['a', 'b', 'e', 'l']","{'l': 4, 'a': 2, 'b': 2, 'e': 2}"
5,1,9,"['a', 'b', 'e', 'l']","{'l': 1182, 'a': 591, 'b': 591, 'e': 591}"
5,1,6,"['a', 'b', 'e', 'l']","{'l': 6, 'a': 3, 'b': 3, 'e': 3}"
5,1,0,"['a', 'b', 'e', 'l']","{'l': 4, 'a': 2, 'b': 2, 'e': 2}"
5,1,9,"['a', 'b', 'e', 'l']","{'l': 1182, 'a': 591, 'b': 591, 'e': 591}"
5,1,9,"['a', 'b', 'e', 'l']","{'l': 1182, 'a': 591, 'b': 591, 'e': 591}"
5,1,3,"['a', 'b', 'e', 'l']","{'l': 6, 'a': 3, 'b': 3, 'e': 3}"
5,1,0,"['a', 'b', 'e', 'l']","{'l': 4, 'a': 2, 'b': 2, 'e': 2}"
5,1,9,"['a', 'b', 'e', 'l']","{'l': 1182, 'a': 591, 'b': 591, 'e': 591}"
5,1,9,"['a', 'b', 'e', 'l']","{'l': 1182, 'a': 591, 'b': 591, 'e': 591}"
5,1,6,"['a', 'b', 'e', 'l']","{'l': 6, 'a': 3, 'b': 3, 'e': 3}"
5,1,0,"['a', 'b', 'e', 'l']","{'l': 4, 'a': 2, 'b': 2, 'e': 2}"
5,1,9,"['a', 'b', 'e', 'l']","{'l': 1182, 'a': 591, 'b': 591, 'e': 591}"
5,2,6,"['a', 'b', 'e', 'l']","{'l': 6, 'a': 3, 'b': 3, 'e': 3}"
5,2,8,"['a', 'b', 'e', 'l']","{'l': 12, 'a': 6, 'b': 6, 'e': 6}"
5,2,9,"['a', 'b', 'e', 'l']","{'l': 1182, 'a': 591, 'b': 591, 'e': 591}"
5,2,4,"['a', 'b', 'e', 'l']","{'l': 24, 'a': 12, 'b': 12, 'e': 12}"
5,2,3,"['a', 'b', 'e', 'l']","{'l': 6, 'a': 3, 'b': 3, 'e': 3}"
5,2,9,"['a', 'b', 'e', 'l']","{'l': 1182, 'a': 591, 'b': 591, 'e': 591}"
5,2,9,"['a', 'b', 'e', 'l']","{'l': 1182, 'a': 591, 'b': 591, 'e': 591}"
5,2,6,"['a', 'b', 'e', 'l']","{'l': 6, 'a': 3, 'b': 3, 'e': 3}"
5,2,3,"['a', 'b', 'e', 'l']","{'l': 6, 'a': 3, 'b': 3, 'e': 3}"
5,2,9,"['a', 'b', 'e', 'l']","{'l': 1182, 'a': 591, 'b': 591, 'e': 591}"
5,2,9,"['a', 'b', 'e', 'l']","{'l': 1182, 'a': 591, 'b': 591, 'e': 591}"
5,2,3,"['a', 'b', 'e', 'l']","{'l': 6, 'a': 3, 'b': 3, 'e': 3}"
5,2,0,"['a', 'b', 'e', 'l']","{'l': 4, 'a': 2, 'b': 2, 'e': 2}"
5,2,9,"['a', 'b', 'e', 'l']","{'l': 1182, 'a': 591, 'b': 591, 'e': 591}"
5,2,9,"['a', 'b', 'e', 'l']","{'l': 1182, 'a': 591, 'b': 591, 'e': 591}"
5,2,6,"['a', 'b', 'e', 'l']","{'l': 6, 'a': 3, 'b': 3, 'e': 3}"
5,2,0,"['a', 'b', 'e', 'l']","{'l': 4, 'a': 2, 'b': 2, 'e': 2}"
5,2,9,"['a', 'b', 'e', 'l']","{'l': 1182, 'a': 591, 'b': 591, 'e': 591}"
5,2,9,"['a', 'b', 'e', 'l']","{'l': 1182, 'a': 591, 'b': 591, 'e': 591}"
5,2,6,"['a', 'b', 'e', 'l']","{'l': 6, 'a': 3, 'b': 3, 'e': 3}"
5,2,0,"['a', 'b', 'e', 'l']","{'l': 4, 'a': 2, 'b': 2, 'e': 2}"
5,2,9,"['a', 'b', 'e', 'l']","{'l': 1182, 'a': 591, 'b': 591, 'e': 591}"
5,2,9,"['a', 'b', 'e', 'l']","{'l': 1182, 'a': 591, 'b': 591, 'e': 591}"
5,2,4,"['a', 'b', 'e', 'l']","{'l': 24, 'a': 12, 'b': 12, 'e': 12}"
5,2,3,"['a', 'b', 'e', 'l']","{'l': 6, 'a': 3, 'b': 3, 'e': 3}"
5,2,9,"['a', 'b', 'e', 'l']","{'l': 1182, 'a': 591, 'b': 591, 'e': 591}"
5,2,9,"['a', 'b', 'e', 'l']","{'l': 1182, 'a': 591, 'b': 591, 'e': 591}"
5,2,4,"['a', 'b', 'e', 'l']","{'l': 24, 'a': 12, 'b': 12, 'e': 12}"
5,2,6,"['a', 'b', 'e', 'l']","{'l': 6, 'a': 3, 'b': 3, 'e': 3}"
5,2,9,"['a', 'b', 'e', 'l']","{'l': 1182, 'a': 591, 'b': 591, 'e': 591}"
5,2,9,"['a', 'b', 'e', 'l']","{'l': 1182, 'a': 591, 'b': 591, 'e': 591}"
5,2,0,"['a', 'b', 'e', 'l']","{'l': 4, 'a': 2, 'b': 2, 'e': 2}"
5,2,3,"['a', 'b', 'e', 'l']","{'l': 6, 'a': 3, 'b': 3, 'e': 3}"
5,2,9,"['a', 'b', 'e', 'l']","{'l': 1182, 'a': 591, 'b': 591, 'e': 591}"
5,2,9,"['a', 'b', 'e', 'l']","{'l': 1182, 'a': 591, 'b': 591, 'e': 591}"
5,2,6,"['a', 'b', 'e', 'l']","{'l': 6, 'a': 3, 'b': 3, 'e': 3}"
5,2,0,"['a', 'b', 'e', 'l']","{'l': 4, 'a': 2, 'b': 2, 'e': 2}"
5,2,9,"['a', 'b', 'e', 'l']","{'l': 1182, 'a': 591, 'b': 591, 'e': 591}"
5,2,9,"['a', 'b', 'e', 'l']","{'l': 1182, 'a': 591, 'b': 591, 'e': 591}"
5,2,3,"['a', 'b', 'e', 'l']","{'l': 6, 'a': 3, 'b': 3, 'e': 3}"
5,2,0,"['a', 'b', 'e', 'l']","{'l': 4, 'a': 2, 'b': 2, 'e': 2}"
5,2,8,"['a', 'b', 'e', 'l']","{'l': 12, 'a': 6, 'b': 6, 'e': 6}"
5,2,9,"['a', 'b', 'e', 'l']","{'l': 1182, 'a': 591, 'b': 591, 'e': 591}"
5,3,0,"['a', 'b', 'e', 'l']","{'l': 4, 'a': 2, 'b': 2, 'e': 2}"
5,3,9,"['a', 'b', 'e', 'l']","{'l': 1182, 'a': 591, 'b': 591, 'e': 591}"
5,3,6,"['a', 'b', 'e', 'l']","{'l': 6, 'a': 3, 'b': 3, 'e': 3}"
5,3,0,"['a', 'b', 'e', 'l']","{'l': 4, 'a': 2, 'b': 2, 'e': 2}"
5,3,9,"['a', 'b', 'e', 'l']","{'l': 1182, 'a': 591, 'b': 591, 'e': 591}"
5,3,9,"['a', 'b', 'e', 'l']","{'l': 1182, 'a': 591, 'b': 591, 'e': 591}"
5,3,3,"['a', 'b', 'e', 'l']","{'l': 6, 'a': 3, 'b': 3, 'e': 3}"
5,3,0,"['a', 'b', 'e', 'l']","{'l': 4, 'a': 2, 'b': 2, 'e': 2}"
5,3,9,"['a', 'b', 'e', 'l']","{'l': 1182, 'a': 591, 'b': 591, 'e': 591}"
5,3,9,"['a', 'b', 'e', 'l']","{'l': 1182, 'a': 591, 'b': 591, 'e': 591}"
5,3,6,"['a', 'b', 'e', 'l']","{'l': 6, 'a': 3, 'b': 3, 'e': 3}"
5,3,0,"['a', 'b', 'e', 'l']","{'l': 4, 'a': 2, 'b': 2, 'e': 2}"
5,3,8,"['a', 'b', 'e', 'l']","{'l': 12, 'a': 6, 'b': 6, 'e': 6}"
5,3,4,"['a', 'b', 'e', 'l']","{'l': 24, 'a': 12, 'b': 12, 'e': 12}"
5,3,9,"['a', 'b', 'e', 'l']","{'l': 1182, 'a': 591, 'b': 591, 'e': 591}"
5,3,3,"['a', 'b', 'e', 'l']","{'l': 6, 'a': 3, 'b': 3, 'e': 3}"
5,3,4,"['a', 'b', 'e', 'l']","{'l': 24, 'a': 12, 'b': 12, 'e': 12}"
5,3,8,"['a', 'b', 'e', 'l']","{'l': 12, 'a': 6, 'b': 6, 'e': 6}"
5,3,9,"['a', 'b', 'e', 'l']","{'l': 1182, 'a': 591, 'b': 591, 'e': 591}"
5,3,6,"['a', 'b', 'e', 'l']","{'l': 6, 'a': 3, 'b': 3, 'e': 3}"
5,3,3,"['a', 'b', 'e', 'l']","{'l': 6, 'a': 3, 'b': 3, 'e': 3}"
5,3,3,"['a', 'b', 'e', 'l']","{'l': 6, 'a': 3, 'b': 3, 'e': 3}"
5,3,9,"['a', 'b', 'e', 'l']","{'l': 1182, 'a': 591, 'b': 591, 'e': 591}"
5,3,0,"['a', 'b', 'e', 'l']","{'l': 4, 'a': 2, 'b': 2, 'e': 2}"
5,3,3,"['a', 'b', 'e', 'l']","{'l': 6, 'a': 3, 'b': 3, 'e': 3}"
5,3,6,"['a', 'b', 'e', 'l']","{'l': 6, 'a': 3, 'b': 3, 'e': 3}"
5,3,9,"['a', 'b', 'e', 'l']","{'l': 1182, 'a': 591, 'b': 591, 'e': 591}"
5,3,4,"['a', 'b', 'e', 'l']","{'l': 24, 'a': 12, 'b': 12, 'e': 12}"
5,3,6,"['a', 'b', 'e', 'l']","{'l': 6, 'a': 3, 'b': 3, 'e': 3}"
5,3,9,"['a', 'b', 'e', 'l']","{'l': 1182, 'a': 591, 'b': 591, 'e': 591}"
5,3,9,"['a', 'b', 'e', 'l']","{'l': 1182, 'a': 591, 'b': 591, 'e': 591}"
5,3,0,"['a', 'b', 'e', 'l']","{'l': 4, 'a': 2, 'b': 2, 'e': 2}"
5,3,3,"['a', 'b', 'e', 'l']","{'l': 6, 'a': 3, 'b': 3, 'e': 3}"
5,3,9,"['a', 'b', 'e', 'l']","{'l': 1182, 'a': 591, 'b': 591, 'e': 591}"
5,3,9,"['a', 'b', 'e', 'l']","{'l': 1182, 'a': 591, 'b': 591, 'e': 591}"
5,3,8,"['a', 'b', 'e', 'l']","{'l': 12, 'a': 6, 'b': 6, 'e': 6}"
5,3,6,"['a', 'b', 'e', 'l']","{'l': 6, 'a': 3, 'b': 3, 'e': 3}"
5,3,9,"['a', 'b', 'e', 'l']","{'l': 1182, 'a': 591, 'b': 591, 'e': 591}"
5,3,3,"['a', 'b', 'e', 'l']","{'l': 6, 'a': 3, 'b': 3, 'e': 3}"
5,3,0,"['a', 'b', 'e', 'l']","{'l': 4, 'a': 2, 'b': 2, 'e': 2}"
5,3,9,"['a', 'b', 'e', 'l']","{'l': 1182, 'a': 591, 'b': 591, 'e': 591}"
5,4,4,"['a', 'b', 'e', 'l']","{'l': 24, 'a': 12, 'b': 12, 'e': 12}"
5,4,8,"['a', 'b', 'e', 'l']","{'l': 12, 'a': 6, 'b': 6, 'e': 6}"
5,4,9,"['a', 'b', 'e', 'l']","{'l': 1182, 'a': 591, 'b': 591, 'e': 591}"
5,4,6,"['a', 'b', 'e', 'l']","{'l': 6, 'a': 3, 'b': 3, 'e': 3}"
5,4,9,"['a', 'b', 'e', 'l']","{'l': 1182, 'a': 591, 'b': 591, 'e': 591}"
5,4,9,"['a', 'b', 'e', 'l']","{'l': 1182, 'a': 591, 'b': 591, 'e': 591}"
5,4,3,"['a', 'b', 'e', 'l']","{'l': 6, 'a': 3, 'b': 3, 'e': 3}"
5,4,0,"['a', 'b', 'e', 'l']","{'l': 4, 'a': 2, 'b': 2, 'e': 2}"
5,4,3,"['a', 'b', 'e', 'l']","{'l': 6, 'a': 3, 'b': 3, 'e': 3}"
5,4,9,"['a', 'b', 'e', 'l']","{'l': 1182, 'a': 591, 'b': 591, 'e': 591}"
5,4,8,"['a', 'b', 'e', 'l']","{'l': 12, 'a': 6, 'b': 6, 'e': 6}"
5,4,6,"['a', 'b', 'e', 'l']","{'l': 6, 'a': 3, 'b': 3, 'e': 3}"
5,4,6,"['a', 'b', 'e', 'l']","{'l': 6, 'a': 3, 'b': 3, 'e': 3}"
5,4,9,"['a', 'b', 'e', 'l']","{'l': 1182, 'a': 591, 'b': 591, 'e': 591}"
5,4,0,"['a', 'b', 'e', 'l']","{'l': 4, 'a': 2, 'b': 2, 'e': 2}"
5,4,6,"['a', 'b', 'e', 'l']","{'l': 6, 'a': 3, 'b': 3, 'e': 3}"
5,4,3,"['a', 'b', 'e', 'l']","{'l': 6, 'a': 3, 'b': 3, 'e': 3}"
5,4,9,"['a', 'b', 'e', 'l']","{'l': 1182, 'a': 591, 'b': 591, 'e': 591}"
5,4,8,"['a', 'b', 'e', 'l']","{'l': 12, 'a': 6, 'b': 6, 'e': 6}"
5,4,6,"['a', 'b', 'e', 'l']","{'l': 6, 'a': 3, 'b': 3, 'e': 3}"
5,4,9,"['a', 'b', 'e', 'l']","{'l': 1182, 'a': 591, 'b': 591, 'e': 591}"
5,4,3,"['a', 'b', 'e', 'l']","{'l': 6, 'a': 3, 'b': 3, 'e': 3}"
5,4,0,"['a', 'b', 'e', 'l']","{'l': 4, 'a': 2, 'b': 2, 'e': 2}"
5,4,9,"['a', 'b', 'e', 'l']","{'l': 1182, 'a': 591, 'b': 591, 'e': 591}"
5,4,9,"['a', 'b', 'e', 'l']","{'l': 1182, 'a': 591, 'b': 591, 'e': 591}"
5,4,0,"['a', 'b', 'e', 'l']","{'l': 4, 'a': 2, 'b': 2, 'e': 2}"
5,4,6,"['a', 'b', 'e', 'l']","{'l': 6, 'a': 3, 'b': 3, 'e': 3}"
5,4,6,"['a', 'b', 'e', 'l']","{'l': 6, 'a': 3, 'b': 3, 'e': 3}"
5,4,9,"['a', 'b', 'e', 'l']","{'l': 1182, 'a': 591, 'b': 591, 'e': 591}"
5,4,3,"['a', 'b', 'e', 'l']","{'l': 6, 'a': 3, 'b': 3, 'e': 3}"
5,4,0,"['a', 'b', 'e', 'l']","{'l': 4, 'a': 2, 'b': 2, 'e': 2}"
5,4,3,"['a', 'b', 'e', 'l']","{'l': 6, 'a': 3, 'b': 3, 'e': 3}"
5,4,9,"['a', 'b', 'e', 'l']","{'l': 1182, 'a': 591, 'b': 591, 'e': 591}"
5,4,0,"['a', 'b', 'e', 'l']","{'l': 4, 'a': 2, 'b': 2, 'e': 2}"
5,4,6,"['a', 'b', 'e', 'l']","{'l': 6, 'a': 3, 'b': 3, 'e': 3}"
5,4,9,"['a', 'b', 'e', 'l']","{'l': 1182, 'a': 591, 'b': 591, 'e': 591}"
5,4,9,"['a', 'b', 'e', 'l']","{'l': 1182, 'a': 591, 'b': 591, 'e': 591}"
5,4,0,"['a', 'b', 'e', 'l']","{'l': 4, 'a': 2, 'b': 2, 'e': 2}"
5,4,3,"['a', 'b', 'e', 'l']","{'l': 6, 'a': 3, 'b': 3, 'e': 3}"
5,4,9,"['a', 'b', 'e', 'l']","{'l': 1182, 'a': 591, 'b': 591, 'e': 591}"
10,0,0,"['a', 'b', 'e', 'l']","{'l': 4, 'a': 2, 'b': 2, 'e': 2}"
10,0,9,"['a', 'b', 'e', 'l']","{'l': 1182, 'a': 591, 'b': 591, 'e': 591}"
10,0,0,"['a', 'b', 'e', 'l']","{'l': 4, 'a': 2, 'b': 2, 'e': 2}"
10,0,6,"['a', 'b', 'e', 'l']","{'l': 6, 'a': 3, 'b': 3, 'e': 3}"
10,0,9,"['a', 'b', 'e', 'l']","{'l': 1182, 'a': 591, 'b': 591, 'e': 591}"
10,0,9,"['a', 'b', 'e', 'l']","{'l': 1182, 'a': 591, 'b': 591, 'e': 591}"
10,0,0,"['a', 'b', 'e', 'l']","{'l': 4, 'a': 2, 'b': 2, 'e': 2}"
10,0,3,"['a', 'b', 'e', 'l']","{'l': 6, 'a': 3, 'b': 3, 'e': 3}"
10,0,6,"['a', 'b', 'e', 'l']","{'l': 6, 'a': 3, 'b': 3, 'e': 3}"
10,0,9,"['a', 'b', 'e', 'l']","{'l': 1182, 'a': 591, 'b': 591, 'e': 591}"
10,0,6,"['a', 'b', 'e', 'l']","{'l': 6, 'a': 3, 'b': 3, 'e': 3}"
10,0,3,"['a', 'b', 'e', 'l']","{'l': 6, 'a': 3, 'b': 3, 'e': 3}"
10,0,3,"['a', 'b', 'e', 'l']","{'l': 6, 'a': 3, 'b': 3, 'e': 3}"
10,0,9,"['a', 'b', 'e', 'l']","{'l': 1182, 'a': 591, 'b': 591, 'e': 591}"
10,0,8,"['a', 'b', 'e', 'l']","{'l': 12, 'a': 6, 'b': 6, 'e': 6}"
10,0,6,"['a', 'b', 'e', 'l']","{'l': 6, 'a': 3, 'b': 3, 'e': 3}"
10,0,9,"['a', 'b', 'e', 'l']","{'l': 1182, 'a': 591, 'b': 591, 'e': 591}"
10,0,0,"['a', 'b', 'e', 'l']","{'l': 4, 'a': 2, 'b': 2, 'e': 2}"
10,0,6,"['a', 'b', 'e', 'l']","{'l': 6, 'a': 3, 'b': 3, 'e': 3}"
10,0,3,"['a', 'b', 'e', 'l']","{'l': 6, 'a': 3, 'b': 3, 'e': 3}"
10,0,9,"['a', 'b', 'e', 'l']","{'l': 1182, 'a': 591, 'b': 591, 'e': 591}"
10,0,0,"['a', 'b', 'e', 'l']","{'l': 4, 'a': 2, 'b': 2, 'e': 2}"
10,0,3,"['a', 'b', 'e', 'l']","{'l': 6, 'a': 3, 'b': 3, 'e': 3}"
10,0,6,"['a', 'b', 'e', 'l']","{'l': 6, 'a': 3, 'b': 3, 'e': 3}"
10,0,9,"['a', 'b', 'e', 'l']","{'l': 1182, 'a': 591, 'b': 591, 'e': 591}"
10,0,6,"['a', 'b', 'e', 'l']","{'l': 6, 'a': 3, 'b': 3, 'e': 3}"
10,0,3,"['a', 'b', 'e', 'l']","{'l': 6, 'a': 3, 'b': 3, 'e': 3}"
10,0,3,"['a', 'b', 'e', 'l']","{'l': 6, 'a': 3, 'b': 3, 'e': 3}"
10,0,9,"['a', 'b', 'e', 'l']","{'l': 1182, 'a': 591, 'b': 591, 'e': 591}"
10,0,0,"['a', 'b', 'e', 'l']","{'l': 4, 'a': 2, 'b': 2, 'e': 2}"
10,0,3,"['a', 'b', 'e', 'l']","{'l': 6, 'a': 3, 'b': 3, 'e': 3}"
10,0,6,"['a', 'b', 'e', 'l']","{'l': 6, 'a': 3, 'b': 3, 'e': 3}"
10,0,9,"['a', 'b', 'e', 'l']","{'l': 1182, 'a': 591, 'b': 591, 'e': 591}"
10,0,3,"['a', 'b', 'e', 'l']","{'l': 6, 'a': 3, 'b': 3, 'e': 3}"
10,0,6,"['a', 'b', 'e', 'l']","{'l': 6, 'a': 3, 'b': 3, 'e': 3}"
10,0,9,"['a', 'b', 'e', 'l']","{'l': 1182, 'a': 591, 'b': 591, 'e': 591}"
10,0,9,"['a', 'b', 'e', 'l']","{'l': 1182, 'a': 591, 'b': 591, 'e': 591}"
10,0,0,"['a', 'b', 'e', 'l']","{'l': 4, 'a': 2, 'b': 2, 'e': 2}"
10,0,6,"['a', 'b', 'e', 'l']","{'l': 6, 'a': 3, 'b': 3, 'e': 3}"
10,0,9,"['a', 'b', 'e', 'l']","{'l': 1182, 'a': 591, 'b': 591, 'e': 591}"
10,1,0,"['a', 'b', 'e', 'l']","{'l': 4, 'a': 2, 'b': 2, 'e': 2}"
10,1,8,"['a', 'b', 'e', 'l']","{'l': 12, 'a': 6, 'b': 6, 'e': 6}"
10,1,1,"['a', 'b', 'e', 'l']","{'l': 596, 'a': 298, 'b': 298, 'e': 298}"
10,1,3,"['a', 'b', 'e', 'l']","{'l': 6, 'a': 3, 'b': 3, 'e': 3}"
10,1,9,"['a', 'b', 'e', 'l']","{'l': 1182, 'a': 591, 'b': 591, 'e': 591}"
10,1,9,"['a', 'b', 'e', 'l']","{'l': 1182, 'a': 591, 'b': 591, 'e': 591}"
10,1,6,"['a', 'b', 'e', 'l']","{'l': 6, 'a': 3, 'b': 3, 'e': 3}"
10,1,0,"['a', 'b', 'e', 'l']","{'l': 4, 'a': 2, 'b': 2, 'e': 2}"
10,1,9,"['a', 'b', 'e', 'l']","{'l': 1182, 'a': 591, 'b': 591, 'e': 591}"
10,1,9,"['a', 'b', 'e', 'l']","{'l': 1182, 'a': 591, 'b': 591, 'e': 591}"
10,1,3,"['a', 'b', 'e', 'l']","{'l': 6, 'a': 3, 'b': 3, 'e': 3}"
10,1,6,"['a', 'b', 'e', 'l']","{'l': 6, 'a': 3, 'b': 3, 'e': 3}"
10,1,0,"['a', 'b', 'e', 'l']","{'l': 4, 'a': 2, 'b': 2, 'e': 2}"
10,1,9,"['a', 'b', 'e', 'l']","{'l': 1182, 'a': 591, 'b': 591, 'e': 591}"
10,1,6,"['a', 'b', 'e', 'l']","{'l': 6, 'a': 3, 'b': 3, 'e': 3}"
10,1,0,"['a', 'b', 'e', 'l']","{'l': 4, 'a': 2, 'b': 2, 'e': 2}"
10,1,8,"['a', 'b', 'e', 'l']","{'l': 12, 'a': 6, 'b': 6, 'e': 6}"
10,1,9,"['a', 'b', 'e', 'l']","{'l': 1182, 'a': 591, 'b': 591, 'e': 591}"
10,1,9,"['a', 'b', 'e', 'l']","{'l': 1182, 'a': 591, 'b': 591, 'e': 591}"
10,1,3,"['a', 'b', 'e', 'l']","{'l': 6, 'a': 3, 'b': 3, 'e': 3}"
10,1,6,"['a', 'b', 'e', 'l']","{'l': 6, 'a': 3, 'b': 3, 'e': 3}"
10,1,9,"['a', 'b', 'e', 'l']","{'l': 1182, 'a': 591, 'b': 591, 'e': 591}"
10,1,9,"['a', 'b', 'e', 'l']","{'l': 1182, 'a': 591, 'b': 591, 'e': 591}"
10,1,3,"['a', 'b', 'e', 'l']","{'l': 6, 'a': 3, 'b': 3, 'e': 3}"
10,1,0,"['a', 'b', 'e', 'l']","{'l': 4, 'a': 2, 'b': 2, 'e': 2}"
10,1,6,"['a', 'b', 'e', 'l']","{'l': 6, 'a': 3, 'b': 3, 'e': 3}"
10,1,9,"['a', 'b', 'e', 'l']","{'l': 1182, 'a': 591, 'b': 591, 'e': 591}"
10,1,3,"['a', 'b', 'e', 'l']","{'l': 6, 'a': 3, 'b': 3, 'e': 3}"
10,1,0,"['a', 'b', 'e', 'l']","{'l': 4, 'a': 2, 'b': 2, 'e': 2}"
10,1,8,"['a', 'b', 'e', 'l']","{'l': 12, 'a': 6, 'b': 6, 'e': 6}"
10,1,0,"['a', 'b', 'e', 'l']","{'l': 4, 'a': 2, 'b': 2, 'e': 2}"
10,1,9,"['a', 'b', 'e', 'l']","{'l': 1182, 'a': 591, 'b': 591, 'e': 591}"
10,1,6,"['a', 'b', 'e', 'l']","{'l': 6, 'a': 3, 'b': 3, 'e': 3}"
10,1,3,"['a', 'b', 'e', 'l']","{'l': 6, 'a': 3, 'b': 3, 'e': 3}"
10,1,0,"['a', 'b', 'e', 'l']","{'l': 4, 'a': 2, 'b': 2, 'e': 2}"
10,1,9,"['a', 'b', 'e', 'l']","{'l': 1182, 'a': 591, 'b': 591, 'e': 591}"
10,1,6,"['a', 'b', 'e', 'l']","{'l': 6, 'a': 3, 'b': 3, 'e': 3}"
10,1,3,"['a', 'b', 'e', 'l']","{'l': 6, 'a': 3, 'b': 3, 'e': 3}"
10,1,8,"['a', 'b', 'e', 'l']","{'l': 12, 'a': 6, 'b': 6, 'e': 6}"
10,1,9,"['a', 'b', 'e', 'l']","{'l': 1182, 'a': 591, 'b': 591, 'e': 591}"
10,1,3,"['a', 'b', 'e', 'l']","{'l': 6, 'a': 3, 'b': 3, 'e': 3}"
10,1,6,"['a', 'b', 'e', 'l']","{'l': 6, 'a': 3, 'b': 3, 'e': 3}"
10,1,9,"['a', 'b', 'e', 'l']","{'l': 1182, 'a': 591, 'b': 591, 'e': 591}"
10,2,3,"['a', 'b', 'e', 'l']","{'l': 6, 'a': 3, 'b': 3, 'e': 3}"
10,2,8,"['a', 'b', 'e', 'l']","{'l': 12, 'a': 6, 'b': 6, 'e': 6}"
10,2,9,"['a', 'b', 'e', 'l']","{'l': 1182, 'a': 591, 'b': 591, 'e': 591}"
10,2,0,"['a', 'b', 'e', 'l']","{'l': 4, 'a': 2, 'b': 2, 'e': 2}"
10,2,3,"['a', 'b', 'e', 'l']","{'l': 6, 'a': 3, 'b': 3, 'e': 3}"
10,2,9,"['a', 'b', 'e', 'l']","{'l': 1182, 'a': 591, 'b': 591, 'e': 591}"
10,2,9,"['a', 'b', 'e', 'l']","{'l': 1182, 'a': 591, 'b': 591, 'e': 591}"
10,2,6,"['a', 'b', 'e', 'l']","{'l': 6, 'a': 3, 'b': 3, 'e': 3}"
10,2,0,"['a', 'b', 'e', 'l']","{'l': 4, 'a': 2, 'b': 2, 'e': 2}"
10,2,3,"['a', 'b', 'e', 'l']","{'l': 6, 'a': 3, 'b': 3, 'e': 3}"
10,2,9,"['a', 'b', 'e', 'l']","{'l': 1182, 'a': 591, 'b': 591, 'e': 591}"
10,2,3,"['a', 'b', 'e', 'l']","{'l': 6, 'a': 3, 'b': 3, 'e': 3}"
10,2,0,"['a', 'b', 'e', 'l']","{'l': 4, 'a': 2, 'b': 2, 'e': 2}"
10,2,8,"['a', 'b', 'e', 'l']","{'l': 12, 'a': 6, 'b': 6, 'e': 6}"
10,2,9,"['a', 'b', 'e', 'l']","{'l': 1182, 'a': 591, 'b': 591, 'e': 591}"
10,2,9,"['a', 'b', 'e', 'l']","{'l': 1182, 'a': 591, 'b': 591, 'e': 591}"
10,2,0,"['a', 'b', 'e', 'l']","{'l': 4, 'a': 2, 'b': 2, 'e': 2}"
10,2,6,"['a', 'b', 'e', 'l']","{'l': 6, 'a': 3, 'b': 3, 'e': 3}"
10,2,6,"['a', 'b', 'e', 'l']","{'l': 6, 'a': 3, 'b': 3, 'e': 3}"
10,2,9,"['a', 'b', 'e', 'l']","{'l': 1182, 'a': 591, 'b': 591, 'e': 591}"
10,2,3,"['a', 'b', 'e', 'l']","{'l': 6, 'a': 3, 'b': 3, 'e': 3}"
10,2,0,"['a', 'b', 'e', 'l']","{'l': 4, 'a': 2, 'b': 2, 'e': 2}"
10,2,9,"['a', 'b', 'e', 'l']","{'l': 1182, 'a': 591, 'b': 591, 'e': 591}"
10,2,9,"['a', 'b', 'e', 'l']","{'l': 1182, 'a': 591, 'b': 591, 'e': 591}"
10,2,0,"['a', 'b', 'e', 'l']","{'l': 4, 'a': 2, 'b': 2, 'e': 2}"
10,2,6,"['a', 'b', 'e', 'l']","{'l': 6, 'a': 3, 'b': 3, 'e': 3}"
10,2,6,"['a', 'b', 'e', 'l']","{'l': 6, 'a': 3, 'b': 3, 'e': 3}"
10,2,9,"['a', 'b', 'e', 'l']","{'l': 1182, 'a': 591, 'b': 591, 'e': 591}"
10,2,0,"['a', 'b', 'e', 'l']","{'l': 4, 'a': 2, 'b': 2, 'e': 2}"
10,2,3,"['a', 'b', 'e', 'l']","{'l': 6, 'a': 3, 'b': 3, 'e': 3}"
10,2,6,"['a', 'b', 'e', 'l']","{'l': 6, 'a': 3, 'b': 3, 'e': 3}"
10,2,9,"['a', 'b', 'e', 'l']","{'l': 1182, 'a': 591, 'b': 591, 'e': 591}"
10,2,6,"['a', 'b', 'e', 'l']","{'l': 6, 'a': 3, 'b': 3, 'e': 3}"
10,2,0,"['a', 'b', 'e', 'l']","{'l': 4, 'a': 2, 'b': 2, 'e': 2}"
10,2,9,"['a', 'b', 'e', 'l']","{'l': 1182, 'a': 591, 'b': 591, 'e': 591}"
10,2,9,"['a', 'b', 'e', 'l']","{'l': 1182, 'a': 591, 'b': 591, 'e': 591}"
10,2,0,"['a', 'b', 'e', 'l']","{'l': 4, 'a': 2, 'b': 2, 'e': 2}"
10,2,3,"['a', 'b', 'e', 'l']","{'l': 6, 'a': 3, 'b': 3, 'e': 3}"
10,2,9,"['a', 'b', 'e', 'l']","{'l': 1182, 'a': 591, 'b': 591, 'e': 591}"
10,2,9,"['a', 'b', 'e', 'l']","{'l': 1182, 'a': 591, 'b': 591, 'e': 591}"
10,2,6,"['a', 'b', 'e', 'l']","{'l': 6, 'a': 3, 'b': 3, 'e': 3}"
10,2,0,"['a', 'b', 'e', 'l']","{'l': 4, 'a': 2, 'b': 2, 'e': 2}"
10,2,9,"['a', 'b', 'e', 'l']","{'l': 1182, 'a': 591, 'b': 591, 'e': 591}"
10,3,3,"['a', 'b', 'e', 'l']","{'l': 6, 'a': 3, 'b': 3, 'e': 3}"
10,3,8,"['a', 'b', 'e', 'l']","{'l': 12, 'a': 6, 'b': 6, 'e': 6}"
10,3,9,"['a', 'b', 'e', 'l']","{'l': 1182, 'a': 591, 'b': 591, 'e': 591}"
10,3,6,"['a', 'b', 'e', 'l']","{'l': 6, 'a': 3, 'b': 3, 'e': 3}"
10,3,3,"['a', 'b', 'e', 'l']","{'l': 6, 'a': 3, 'b': 3, 'e': 3}"
10,3,9,"['a', 'b', 'e', 'l']","{'l': 1182, 'a': 591, 'b': 591, 'e': 591}"
10,3,3,"['a', 'b', 'e', 'l']","{'l': 6, 'a': 3, 'b': 3, 'e': 3}"
10,3,0,"['a', 'b', 'e', 'l']","{'l': 4, 'a': 2, 'b': 2, 'e': 2}"
10,3,9,"['a', 'b', 'e', 'l']","{'l': 1182, 'a': 591, 'b': 591, 'e': 591}"
10,3,9,"['a', 'b', 'e', 'l']","{'l': 1182, 'a': 591, 'b': 591, 'e': 591}"
10,3,4,"['a', 'b', 'e', 'l']","{'l': 24, 'a': 12, 'b': 12, 'e': 12}"
10,3,6,"['a', 'b', 'e', 'l']","{'l': 6, 'a': 3, 'b': 3, 'e': 3}"
10,3,0,"['a', 'b', 'e', 'l']","{'l': 4, 'a': 2, 'b': 2, 'e': 2}"
10,3,9,"['a', 'b', 'e', 'l']","{'l': 1182, 'a': 591, 'b': 591, 'e': 591}"
10,3,8,"['a', 'b', 'e', 'l']","{'l': 12, 'a': 6, 'b': 6, 'e': 6}"
10,3,6,"['a', 'b', 'e', 'l']","{'l': 6, 'a': 3, 'b': 3, 'e': 3}"
10,3,9,"['a', 'b', 'e', 'l']","{'l': 1182, 'a': 591, 'b': 591, 'e': 591}"
10,3,6,"['a', 'b', 'e', 'l']","{'l': 6, 'a': 3, 'b': 3, 'e': 3}"
10,3,0,"['a', 'b', 'e', 'l']","{'l': 4, 'a': 2, 'b': 2, 'e': 2}"
10,3,8,"['a', 'b', 'e', 'l']","{'l': 12, 'a': 6, 'b': 6, 'e': 6}"
10,3,3,"['a', 'b', 'e', 'l']","{'l': 6, 'a': 3, 'b': 3, 'e': 3}"
10,3,9,"['a', 'b', 'e', 'l']","{'l': 1182, 'a': 591, 'b': 591, 'e': 591}"
10,3,0,"['a', 'b', 'e', 'l']","{'l': 4, 'a': 2, 'b': 2, 'e': 2}"
10,3,3,"['a', 'b', 'e', 'l']","{'l': 6, 'a': 3, 'b': 3, 'e': 3}"
10,3,9,"['a', 'b', 'e', 'l']","{'l': 1182, 'a': 591, 'b': 591, 'e': 591}"
10,3,9,"['a', 'b', 'e', 'l']","{'l': 1182, 'a': 591, 'b': 591, 'e': 591}"
10,3,6,"['a', 'b', 'e', 'l']","{'l': 6, 'a': 3, 'b': 3, 'e': 3}"
10,3,0,"['a', 'b', 'e', 'l']","{'l': 4, 'a': 2, 'b': 2, 'e': 2}"
10,3,8,"['a', 'b', 'e', 'l']","{'l': 12, 'a': 6, 'b': 6, 'e': 6}"
10,3,3,"['a', 'b', 'e', 'l']","{'l': 6, 'a': 3, 'b': 3, 'e': 3}"
10,3,9,"['a', 'b', 'e', 'l']","{'l': 1182, 'a': 591, 'b': 591, 'e': 591}"
10,3,8,"['a', 'b', 'e', 'l']","{'l': 12, 'a': 6, 'b': 6, 'e': 6}"
10,3,6,"['a', 'b', 'e', 'l']","{'l': 6, 'a': 3, 'b': 3, 'e': 3}"
10,3,9,"['a', 'b', 'e', 'l']","{'l': 1182, 'a': 591, 'b': 591, 'e': 591}"
10,3,4,"['a', 'b', 'e', 'l']","{'l': 24, 'a': 12, 'b': 12, 'e': 12}"
10,3,6,"['a', 'b', 'e', 'l']","{'l': 6, 'a': 3, 'b': 3, 'e': 3}"
10,3,9,"['a', 'b', 'e', 'l']","{'l': 1182, 'a': 591, 'b': 591, 'e': 591}"
10,3,9,"['a', 'b', 'e', 'l']","{'l': 1182, 'a': 591, 'b': 591, 'e': 591}"
10,3,8,"['a', 'b', 'e', 'l']","{'l': 12, 'a': 6, 'b': 6, 'e': 6}"
10,3,9,"['a', 'b', 'e', 'l']","{'l': 1182, 'a': 591, 'b': 591, 'e': 591}"
10,4,4,"['a', 'b', 'e', 'l']","{'l': 24, 'a': 12, 'b': 12, 'e': 12}"
10,4,8,"['a', 'b', 'e', 'l']","{'l': 12, 'a': 6, 'b': 6, 'e': 6}"
10,4,9,"['a', 'b', 'e', 'l']","{'l': 1182, 'a': 591, 'b': 591, 'e': 591}"
10,4,0,"['a', 'b', 'e', 'l']","{'l': 4, 'a': 2, 'b': 2, 'e': 2}"
10,4,6,"['a', 'b', 'e', 'l']","{'l': 6, 'a': 3, 'b': 3, 'e': 3}"
10,4,3,"['a', 'b', 'e', 'l']","{'l': 6, 'a': 3, 'b': 3, 'e': 3}"
10,4,9,"['a', 'b', 'e', 'l']","{'l': 1182, 'a': 591, 'b': 591, 'e': 591}"
10,4,8,"['a', 'b', 'e', 'l']","{'l': 12, 'a': 6, 'b': 6, 'e': 6}"
10,4,9,"['a', 'b', 'e', 'l']","{'l': 1182, 'a': 591, 'b': 591, 'e': 591}"
10,4,9,"['a', 'b', 'e', 'l']","{'l': 1182, 'a': 591, 'b': 591, 'e': 591}"
10,4,0,"['a', 'b', 'e', 'l']","{'l': 4, 'a': 2, 'b': 2, 'e': 2}"
10,4,6,"['a', 'b', 'e', 'l']","{'l': 6, 'a': 3, 'b': 3, 'e': 3}"
10,4,6,"['a', 'b', 'e', 'l']","{'l': 6, 'a': 3, 'b': 3, 'e': 3}"
10,4,9,"['a', 'b', 'e', 'l']","{'l': 1182, 'a': 591, 'b': 591, 'e': 591}"
10,4,0,"['a', 'b', 'e', 'l']","{'l': 4, 'a': 2, 'b': 2, 'e': 2}"
10,4,3,"['a', 'b', 'e', 'l']","{'l': 6, 'a': 3, 'b': 3, 'e': 3}"
10,4,0,"['a', 'b', 'e', 'l']","{'l': 4, 'a': 2, 'b': 2, 'e': 2}"
10,4,9,"['a', 'b', 'e', 'l']","{'l': 1182, 'a': 591, 'b': 591, 'e': 591}"
10,4,6,"['a', 'b', 'e', 'l']","{'l': 6, 'a': 3, 'b': 3, 'e': 3}"
10,4,0,"['a', 'b', 'e', 'l']","{'l': 4, 'a': 2, 'b': 2, 'e': 2}"
10,4,9,"['a', 'b', 'e', 'l']","{'l': 1182, 'a': 591, 'b': 591, 'e': 591}"
10,4,9,"['a', 'b', 'e', 'l']","{'l': 1182, 'a': 591, 'b': 591, 'e': 591}"
10,4,3,"['a', 'b', 'e', 'l']","{'l': 6, 'a': 3, 'b': 3, 'e': 3}"
10,4,0,"['a', 'b', 'e', 'l']","{'l': 4, 'a': 2, 'b': 2, 'e': 2}"
10,4,8,"['a', 'b', 'e', 'l']","{'l': 12, 'a': 6, 'b': 6, 'e': 6}"
10,4,0,"['a', 'b', 'e', 'l']","{'l': 4, 'a': 2, 'b': 2, 'e': 2}"
10,4,9,"['a', 'b', 'e', 'l']","{'l': 1182, 'a': 591, 'b': 591, 'e': 591}"
10,4,6,"['a', 'b', 'e', 'l']","{'l': 6, 'a': 3, 'b': 3, 'e': 3}"
10,4,0,"['a', 'b', 'e', 'l']","{'l': 4, 'a': 2, 'b': 2, 'e': 2}"
10,4,3,"['a', 'b', 'e', 'l']","{'l': 6, 'a': 3, 'b': 3, 'e': 3}"
10,4,9,"['a', 'b', 'e', 'l']","{'l': 1182, 'a': 591, 'b': 591, 'e': 591}"
10,4,3,"['a', 'b', 'e', 'l']","{'l': 6, 'a': 3, 'b': 3, 'e': 3}"
10,4,0,"['a', 'b', 'e', 'l']","{'l': 4, 'a': 2, 'b': 2, 'e': 2}"
10,4,0,"['a', 'b', 'e', 'l']","{'l': 4, 'a': 2, 'b': 2, 'e': 2}"
10,4,9,"['a', 'b', 'e', 'l']","{'l': 1182, 'a': 591, 'b': 591, 'e': 591}"
10,4,6,"['a', 'b', 'e', 'l']","{'l': 6, 'a': 3, 'b': 3, 'e': 3}"
10,4,0,"['a', 'b', 'e', 'l']","{'l': 4, 'a': 2, 'b': 2, 'e': 2}"
10,4,8,"['a', 'b', 'e', 'l']","{'l': 12, 'a': 6, 'b': 6, 'e': 6}"
10,4,3,"['a', 'b', 'e', 'l']","{'l': 6, 'a': 3, 'b': 3, 'e': 3}"
10,4,9,"['a', 'b', 'e', 'l']","{'l': 1182, 'a': 591, 'b': 591, 'e': 591}"
10,4,3,"['a', 'b', 'e', 'l']","{'l': 6, 'a': 3, 'b': 3, 'e': 3}"
10,4,0,"['a', 'b', 'e', 'l']","{'l': 4, 'a': 2, 'b': 2, 'e': 2}"
10,4,9,"['a', 'b', 'e', 'l']","{'l': 1182, 'a': 591, 'b': 591, 'e': 591}"
20,0,0,"['a', 'b', 'e', 'l']","{'l': 4, 'a': 2, 'b': 2, 'e': 2}"
20,0,8,"['a', 'b', 'e', 'l']","{'l': 12, 'a': 6, 'b': 6, 'e': 6}"
20,0,9,"['a', 'b', 'e', 'l']","{'l': 1182, 'a': 591, 'b': 591, 'e': 591}"
20,0,6,"['a', 'b', 'e', 'l']","{'l': 6, 'a': 3, 'b': 3, 'e': 3}"
20,0,0,"['a', 'b', 'e', 'l']","{'l': 4, 'a': 2, 'b': 2, 'e': 2}"
20,0,9,"['a', 'b', 'e', 'l']","{'l': 1182, 'a': 591, 'b': 591, 'e': 591}"
20,0,9,"['a', 'b', 'e', 'l']","{'l': 1182, 'a': 591, 'b': 591, 'e': 591}"
20,0,0,"['a', 'b', 'e', 'l']","{'l': 4, 'a': 2, 'b': 2, 'e': 2}"
20,0,3,"['a', 'b', 'e', 'l']","{'l': 6, 'a': 3, 'b': 3, 'e': 3}"
20,0,9,"['a', 'b', 'e', 'l']","{'l': 1182, 'a': 591, 'b': 591, 'e': 591}"
20,0,9,"['a', 'b', 'e', 'l']","{'l': 1182, 'a': 591, 'b': 591, 'e': 591}"
20,0,0,"['a', 'b', 'e', 'l']","{'l': 4, 'a': 2, 'b': 2, 'e': 2}"
20,0,3,"['a', 'b', 'e', 'l']","{'l': 6, 'a': 3, 'b': 3, 'e': 3}"
20,0,9,"['a', 'b', 'e', 'l']","{'l': 1182, 'a': 591, 'b': 591, 'e': 591}"
20,0,9,"['a', 'b', 'e', 'l']","{'l': 1182, 'a': 591, 'b': 591, 'e': 591}"
20,0,0,"['a', 'b', 'e', 'l']","{'l': 4, 'a': 2, 'b': 2, 'e': 2}"
20,0,3,"['a', 'b', 'e', 'l']","{'l': 6, 'a': 3, 'b': 3, 'e': 3}"
20,0,9,"['a', 'b', 'e', 'l']","{'l': 1182, 'a': 591, 'b': 591, 'e': 591}"
20,0,9,"['a', 'b', 'e', 'l']","{'l': 1182, 'a': 591, 'b': 591, 'e': 591}"
20,0,6,"['a', 'b', 'e', 'l']","{'l': 6, 'a': 3, 'b': 3, 'e': 3}"
20,0,0,"['a', 'b', 'e', 'l']","{'l': 4, 'a': 2, 'b': 2, 'e': 2}"
20,0,8,"['a', 'b', 'e', 'l']","{'l': 12, 'a': 6, 'b': 6, 'e': 6}"
20,0,3,"['a', 'b', 'e', 'l']","{'l': 6, 'a': 3, 'b': 3, 'e': 3}"
20,0,9,"['a', 'b', 'e', 'l']","{'l': 1182, 'a': 591, 'b': 591, 'e': 591}"
20,0,6,"['a', 'b', 'e', 'l']","{'l': 6, 'a': 3, 'b': 3, 'e': 3}"
20,0,3,"['a', 'b', 'e', 'l']","{'l': 6, 'a': 3, 'b': 3, 'e': 3}"
20,0,9,"['a', 'b', 'e', 'l']","{'l': 1182, 'a': 591, 'b': 591, 'e': 591}"
20,0,9,"['a', 'b', 'e', 'l']","{'l': 1182, 'a': 591, 'b': 591, 'e': 591}"
20,0,0,"['a', 'b', 'e', 'l']","{'l': 4, 'a': 2, 'b': 2, 'e': 2}"
20,0,3,"['a', 'b', 'e', 'l']","{'l': 6, 'a': 3, 'b': 3, 'e': 3}"
20,0,9,"['a', 'b', 'e', 'l']","{'l': 1182, 'a': 591, 'b': 591, 'e': 591}"
20,0,9,"['a', 'b', 'e', 'l']","{'l': 1182, 'a': 591, 'b': 591, 'e': 591}"
20,0,6,"['a', 'b', 'e', 'l']","{'l': 6, 'a': 3, 'b': 3, 'e': 3}"
20,0,0,"['a', 'b', 'e', 'l']","{'l': 4, 'a': 2, 'b': 2, 'e': 2}"
20,0,9,"['a', 'b', 'e', 'l']","{'l': 1182, 'a': 591, 'b': 591, 'e': 591}"
20,0,9,"['a', 'b', 'e', 'l']","{'l': 1182, 'a': 591, 'b': 591, 'e': 591}"
20,0,0,"['a', 'b', 'e', 'l']","{'l': 4, 'a': 2, 'b': 2, 'e': 2}"
20,0,3,"['a', 'b', 'e', 'l']","{'l': 6, 'a': 3, 'b': 3, 'e': 3}"
20,0,6,"['a', 'b', 'e', 'l']","{'l': 6, 'a': 3, 'b': 3, 'e': 3}"
20,0,9,"['a', 'b', 'e', 'l']","{'l': 1182, 'a': 591, 'b': 591, 'e': 591}"
20,0,8,"['a', 'b', 'e', 'l']","{'l': 12, 'a': 6, 'b': 6, 'e': 6}"
20,0,9,"['a', 'b', 'e', 'l']","{'l': 1182, 'a': 591, 'b': 591, 'e': 591}"
20,1,3,"['a', 'b', 'e', 'l']","{'l': 6, 'a': 3, 'b': 3, 'e': 3}"
20,1,8,"['a', 'b', 'e', 'l']","{'l': 12, 'a': 6, 'b': 6, 'e': 6}"
20,1,9,"['a', 'b', 'e', 'l']","{'l': 1182, 'a': 591, 'b': 591, 'e': 591}"
20,1,3,"['a', 'b', 'e', 'l']","{'l': 6, 'a': 3, 'b': 3, 'e': 3}"
20,1,6,"['a', 'b', 'e', 'l']","{'l': 6, 'a': 3, 'b': 3, 'e': 3}"
20,1,9,"['a', 'b', 'e', 'l']","{'l': 1182, 'a': 591, 'b': 591, 'e': 591}"
20,1,9,"['a', 'b', 'e', 'l']","{'l': 1182, 'a': 591, 'b': 591, 'e': 591}"
20,1,6,"['a', 'b', 'e', 'l']","{'l': 6, 'a': 3, 'b': 3, 'e': 3}"
20,1,3,"['a', 'b', 'e', 'l']","{'l': 6, 'a': 3, 'b': 3, 'e': 3}"
20,1,0,"['a', 'b', 'e', 'l']","{'l': 4, 'a': 2, 'b': 2, 'e': 2}"
20,1,9,"['a', 'b', 'e', 'l']","{'l': 1182, 'a': 591, 'b': 591, 'e': 591}"
20,1,3,"['a', 'b', 'e', 'l']","{'l': 6, 'a': 3, 'b': 3, 'e': 3}"
20,1,6,"['a', 'b', 'e', 'l']","{'l': 6, 'a': 3, 'b': 3, 'e': 3}"
20,1,0,"['a', 'b', 'e', 'l']","{'l': 4, 'a': 2, 'b': 2, 'e': 2}"
20,1,9,"['a', 'b', 'e', 'l']","{'l': 1182, 'a': 591, 'b': 591, 'e': 591}"
20,1,6,"['a', 'b', 'e', 'l']","{'l': 6, 'a': 3, 'b': 3, 'e': 3}"
20,1,3,"['a', 'b', 'e', 'l']","{'l': 6, 'a': 3, 'b': 3, 'e': 3}"
20,1,0,"['a', 'b', 'e', 'l']","{'l': 4, 'a': 2, 'b': 2, 'e': 2}"
20,1,9,"['a', 'b', 'e', 'l']","{'l': 1182, 'a': 591, 'b': 591, 'e': 591}"
20,1,3,"['a', 'b', 'e', 'l']","{'l': 6, 'a': 3, 'b': 3, 'e': 3}"
20,1,6,"['a', 'b', 'e', 'l']","{'l': 6, 'a': 3, 'b': 3, 'e': 3}"
20,1,6,"['a', 'b', 'e', 'l']","{'l': 6, 'a': 3, 'b': 3, 'e': 3}"
20,1,9,"['a', 'b', 'e', 'l']","{'l': 1182, 'a': 591, 'b': 591, 'e': 591}"
20,1,0,"['a', 'b', 'e', 'l']","{'l': 4, 'a': 2, 'b': 2, 'e': 2}"
20,1,3,"['a', 'b', 'e', 'l']","{'l': 6, 'a': 3, 'b': 3, 'e': 3}"
20,1,3,"['a', 'b', 'e', 'l']","{'l': 6, 'a': 3, 'b': 3, 'e': 3}"
20,1,9,"['a', 'b', 'e', 'l']","{'l': 1182, 'a': 591, 'b': 591, 'e': 591}"
20,1,8,"['a', 'b', 'e', 'l']","{'l': 12, 'a': 6, 'b': 6, 'e': 6}"
20,1,6,"['a', 'b', 'e', 'l']","{'l': 6, 'a': 3, 'b': 3, 'e': 3}"
20,1,9,"['a', 'b', 'e', 'l']","{'l': 1182, 'a': 591, 'b': 591, 'e': 591}"
20,1,0,"['a', 'b', 'e', 'l']","{'l': 4, 'a': 2, 'b': 2, 'e': 2}"
20,1,3,"['a', 'b', 'e', 'l']","{'l': 6, 'a': 3, 'b': 3, 'e': 3}"
20,1,3,"['a', 'b', 'e', 'l']","{'l': 6, 'a': 3, 'b': 3, 'e': 3}"
20,1,9,"['a', 'b', 'e', 'l']","{'l': 1182, 'a': 591, 'b': 591, 'e': 591}"
20,1,0,"['a', 'b', 'e', 'l']","{'l': 4, 'a': 2, 'b': 2, 'e': 2}"
20,1,6,"['a', 'b', 'e', 'l']","{'l': 6, 'a': 3, 'b': 3, 'e': 3}"
20,1,6,"['a', 'b', 'e', 'l']","{'l': 6, 'a': 3, 'b': 3, 'e': 3}"
20,1,9,"['a', 'b', 'e', 'l']","{'l': 1182, 'a': 591, 'b': 591, 'e': 591}"
20,1,0,"['a', 'b', 'e', 'l']","{'l': 4, 'a': 2, 'b': 2, 'e': 2}"
20,1,3,"['a', 'b', 'e', 'l']","{'l': 6, 'a': 3, 'b': 3, 'e': 3}"
20,1,9,"['a', 'b', 'e', 'l']","{'l': 1182, 'a': 591, 'b': 591, 'e': 591}"
20,2,6,"['a', 'b', 'e', 'l']","{'l': 6, 'a': 3, 'b': 3, 'e': 3}"
20,2,8,"['a', 'b', 'e', 'l']","{'l': 12, 'a': 6, 'b': 6, 'e': 6}"
20,2,9,"['a', 'b', 'e', 'l']","{'l': 1182, 'a': 591, 'b': 591, 'e': 591}"
20,2,8,"['a', 'b', 'e', 'l']","{'l': 12, 'a': 6, 'b': 6, 'e': 6}"
20,2,9,"['a', 'b', 'e', 'l']","{'l': 1182, 'a': 591, 'b': 591, 'e': 591}"
20,2,9,"['a', 'b', 'e', 'l']","{'l': 1182, 'a': 591, 'b': 591, 'e': 591}"
20,2,0,"['a', 'b', 'e', 'l']","{'l': 4, 'a': 2, 'b': 2, 'e': 2}"
20,2,3,"['a', 'b', 'e', 'l']","{'l': 6, 'a': 3, 'b': 3, 'e': 3}"
20,2,9,"['a', 'b', 'e', 'l']","{'l': 1182, 'a': 591, 'b': 591, 'e': 591}"
20,2,9,"['a', 'b', 'e', 'l']","{'l': 1182, 'a': 591, 'b': 591, 'e': 591}"
20,2,0,"['a', 'b', 'e', 'l']","{'l': 4, 'a': 2, 'b': 2, 'e': 2}"
20,2,6,"['a', 'b', 'e', 'l']","{'l': 6, 'a': 3, 'b': 3, 'e': 3}"
20,2,9,"['a', 'b', 'e', 'l']","{'l': 1182, 'a': 591, 'b': 591, 'e': 591}"
20,2,9,"['a', 'b', 'e', 'l']","{'l': 1182, 'a': 591, 'b': 591, 'e': 591}"
20,2,0,"['a', 'b', 'e', 'l']","{'l': 4, 'a': 2, 'b': 2, 'e': 2}"
20,2,3,"['a', 'b', 'e', 'l']","{'l': 6, 'a': 3, 'b': 3, 'e': 3}"
20,2,9,"['a', 'b', 'e', 'l']","{'l': 1182, 'a': 591, 'b': 591, 'e': 591}"
20,2,9,"['a', 'b', 'e', 'l']","{'l': 1182, 'a': 591, 'b': 591, 'e': 591}"
20,2,0,"['a', 'b', 'e', 'l']","{'l': 4, 'a': 2, 'b': 2, 'e': 2}"
20,2,6,"['a', 'b', 'e', 'l']","{'l': 6, 'a': 3, 'b': 3, 'e': 3}"
20,2,9,"['a', 'b', 'e', 'l']","{'l': 1182, 'a': 591, 'b': 591, 'e': 591}"
20,2,9,"['a', 'b', 'e', 'l']","{'l': 1182, 'a': 591, 'b': 591, 'e': 591}"
20,2,0,"['a', 'b', 'e', 'l']","{'l': 4, 'a': 2, 'b': 2, 'e': 2}"
20,2,3,"['a', 'b', 'e', 'l']","{'l': 6, 'a': 3, 'b': 3, 'e': 3}"
20,2,6,"['a', 'b', 'e', 'l']","{'l': 6, 'a': 3, 'b': 3, 'e': 3}"
20,2,9,"['a', 'b', 'e', 'l']","{'l': 1182, 'a': 591, 'b': 591, 'e': 591}"
20,2,0,"['a', 'b', 'e', 'l']","{'l': 4, 'a': 2, 'b': 2, 'e': 2}"
20,2,6,"['a', 'b', 'e', 'l']","{'l': 6, 'a': 3, 'b': 3, 'e': 3}"
20,2,3,"['a', 'b', 'e', 'l']","{'l': 6, 'a': 3, 'b': 3, 'e': 3}"
20,2,9,"['a', 'b', 'e', 'l']","{'l': 1182, 'a': 591, 'b': 591, 'e': 591}"
20,2,0,"['a', 'b', 'e', 'l']","{'l': 4, 'a': 2, 'b': 2, 'e': 2}"
20,2,3,"['a', 'b', 'e', 'l']","{'l': 6, 'a': 3, 'b': 3, 'e': 3}"
20,2,3,"['a', 'b', 'e', 'l']","{'l': 6, 'a': 3, 'b': 3, 'e': 3}"
20,2,9,"['a', 'b', 'e', 'l']","{'l': 1182, 'a': 591, 'b': 591, 'e': 591}"
20,2,0,"['a', 'b', 'e', 'l']","{'l': 4, 'a': 2, 'b': 2, 'e': 2}"
20,2,6,"['a', 'b', 'e', 'l']","{'l': 6, 'a': 3, 'b': 3, 'e': 3}"
20,2,0,"['a', 'b', 'e', 'l']","{'l': 4, 'a': 2, 'b': 2, 'e': 2}"
20,2,9,"['a', 'b', 'e', 'l']","{'l': 1182, 'a': 591, 'b': 591, 'e': 591}"
20,2,0,"['a', 'b', 'e', 'l']","{'l': 4, 'a': 2, 'b': 2, 'e': 2}"
20,2,3,"['a', 'b', 'e', 'l']","{'l': 6, 'a': 3, 'b': 3, 'e': 3}"
20,2,9,"['a', 'b', 'e', 'l']","{'l': 1182, 'a': 591, 'b': 591, 'e': 591}"
20,3,6,"['a', 'b', 'e', 'l']","{'l': 6, 'a': 3, 'b': 3, 'e': 3}"
20,3,8,"['a', 'b', 'e', 'l']","{'l': 12, 'a': 6, 'b': 6, 'e': 6}"
20,3,2,"['a', 'b', 'e', 'l']","{'l': 600, 'a': 300, 'b': 300, 'e': 300}"
20,3,3,"['a', 'b', 'e', 'l']","{'l': 6, 'a': 3, 'b': 3, 'e': 3}"
20,3,0,"['a', 'b', 'e', 'l']","{'l': 4, 'a': 2, 'b': 2, 'e': 2}"
20,3,9,"['a', 'b', 'e', 'l']","{'l': 1182, 'a': 591, 'b': 591, 'e': 591}"
20,3,6,"['a', 'b', 'e', 'l']","{'l': 6, 'a': 3, 'b': 3, 'e': 3}"
20,3,0,"['a', 'b', 'e', 'l']","{'l': 4, 'a': 2, 'b': 2, 'e': 2}"
20,3,6,"['a', 'b', 'e', 'l']","{'l': 6, 'a': 3, 'b': 3, 'e': 3}"
20,3,9,"['a', 'b', 'e', 'l']","{'l': 1182, 'a': 591, 'b': 591, 'e': 591}"
20,3,3,"['a', 'b', 'e', 'l']","{'l': 6, 'a': 3, 'b': 3, 'e': 3}"
20,3,0,"['a', 'b', 'e', 'l']","{'l': 4, 'a': 2, 'b': 2, 'e': 2}"
20,3,9,"['a', 'b', 'e', 'l']","{'l': 1182, 'a': 591, 'b': 591, 'e': 591}"
20,3,9,"['a', 'b', 'e', 'l']","{'l': 1182, 'a': 591, 'b': 591, 'e': 591}"
20,3,6,"['a', 'b', 'e', 'l']","{'l': 6, 'a': 3, 'b': 3, 'e': 3}"
20,3,3,"['a', 'b', 'e', 'l']","{'l': 6, 'a': 3, 'b': 3, 'e': 3}"
20,3,3,"['a', 'b', 'e', 'l']","{'l': 6, 'a': 3, 'b': 3, 'e': 3}"
20,3,9,"['a', 'b', 'e', 'l']","{'l': 1182, 'a': 591, 'b': 591, 'e': 591}"
20,3,3,"['a', 'b', 'e', 'l']","{'l': 6, 'a': 3, 'b': 3, 'e': 3}"
20,3,4,"['a', 'b', 'e', 'l']","{'l': 24, 'a': 12, 'b': 12, 'e': 12}"
20,3,0,"['a', 'b', 'e', 'l']","{'l': 4, 'a': 2, 'b': 2, 'e': 2}"
20,3,9,"['a', 'b', 'e', 'l']","{'l': 1182, 'a': 591, 'b': 591, 'e': 591}"
20,3,6,"['a', 'b', 'e', 'l']","{'l': 6, 'a': 3, 'b': 3, 'e': 3}"
20,3,0,"['a', 'b', 'e', 'l']","{'l': 4, 'a': 2, 'b': 2, 'e': 2}"
20,3,0,"['a', 'b', 'e', 'l']","{'l': 4, 'a': 2, 'b': 2, 'e': 2}"
20,3,9,"['a', 'b', 'e', 'l']","{'l': 1182, 'a': 591, 'b': 591, 'e': 591}"
20,3,6,"['a', 'b', 'e', 'l']","{'l': 6, 'a': 3, 'b': 3, 'e': 3}"
20,3,3,"['a', 'b', 'e', 'l']","{'l': 6, 'a': 3, 'b': 3, 'e': 3}"
20,3,3,"['a', 'b', 'e', 'l']","{'l': 6, 'a': 3, 'b': 3, 'e': 3}"
20,3,9,"['a', 'b', 'e', 'l']","{'l': 1182, 'a': 591, 'b': 591, 'e': 591}"
20,3,3,"['a', 'b', 'e', 'l']","{'l': 6, 'a': 3, 'b': 3, 'e': 3}"
20,3,0,"['a', 'b', 'e', 'l']","{'l': 4, 'a': 2, 'b': 2, 'e': 2}"
20,3,6,"['a', 'b', 'e', 'l']","{'l': 6, 'a': 3, 'b': 3, 'e': 3}"
20,3,9,"['a', 'b', 'e', 'l']","{'l': 1182, 'a': 591, 'b': 591, 'e': 591}"
20,3,3,"['a', 'b', 'e', 'l']","{'l': 6, 'a': 3, 'b': 3, 'e': 3}"
20,3,0,"['a', 'b', 'e', 'l']","{'l': 4, 'a': 2, 'b': 2, 'e': 2}"
20,3,8,"['a', 'b', 'e', 'l']","{'l': 12, 'a': 6, 'b': 6, 'e': 6}"
20,3,0,"['a', 'b', 'e', 'l']","{'l': 4, 'a': 2, 'b': 2, 'e': 2}"
20,3,9,"['a', 'b', 'e', 'l']","{'l': 1182, 'a': 591, 'b': 591, 'e': 591}"
20,3,6,"['a', 'b', 'e', 'l']","{'l': 6, 'a': 3, 'b': 3, 'e': 3}"
20,3,0,"['a', 'b', 'e', 'l']","{'l': 4, 'a': 2, 'b': 2, 'e': 2}"
20,3,9,"['a', 'b', 'e', 'l']","{'l': 1182, 'a': 591, 'b': 591, 'e': 591}"
20,4,0,"['a', 'b', 'e', 'l']","{'l': 4, 'a': 2, 'b': 2, 'e': 2}"
20,4,8,"['a', 'b', 'e', 'l']","{'l': 12, 'a': 6, 'b': 6, 'e': 6}"
20,4,9,"['a', 'b', 'e', 'l']","{'l': 1182, 'a': 591, 'b': 591, 'e': 591}"
20,4,0,"['a', 'b', 'e', 'l']","{'l': 4, 'a': 2, 'b': 2, 'e': 2}"
20,4,3,"['a', 'b', 'e', 'l']","{'l': 6, 'a': 3, 'b': 3, 'e': 3}"
20,4,9,"['a', 'b', 'e', 'l']","{'l': 1182, 'a': 591, 'b': 591, 'e': 591}"
20,4,9,"['a', 'b', 'e', 'l']","{'l': 1182, 'a': 591, 'b': 591, 'e': 591}"
20,4,0,"['a', 'b', 'e', 'l']","{'l': 4, 'a': 2, 'b': 2, 'e': 2}"
20,4,6,"['a', 'b', 'e', 'l']","{'l': 6, 'a': 3, 'b': 3, 'e': 3}"
20,4,9,"['a', 'b', 'e', 'l']","{'l': 1182, 'a': 591, 'b': 591, 'e': 591}"
20,4,9,"['a', 'b', 'e', 'l']","{'l': 1182, 'a': 591, 'b': 591, 'e': 591}"
20,4,0,"['a', 'b', 'e', 'l']","{'l': 4, 'a': 2, 'b': 2, 'e': 2}"
20,4,3,"['a', 'b', 'e', 'l']","{'l': 6, 'a': 3, 'b': 3, 'e': 3}"
20,4,6,"['a', 'b', 'e', 'l']","{'l': 6, 'a': 3, 'b': 3, 'e': 3}"
20,4,9,"['a', 'b', 'e', 'l']","{'l': 1182, 'a': 591, 'b': 591, 'e': 591}"
20,4,0,"['a', 'b', 'e', 'l']","{'l': 4, 'a': 2, 'b': 2, 'e': 2}"
20,4,6,"['a', 'b', 'e', 'l']","{'l': 6, 'a': 3, 'b': 3, 'e': 3}"
20,4,3,"['a', 'b', 'e', 'l']","{'l': 6, 'a': 3, 'b': 3, 'e': 3}"
20,4,9,"['a', 'b', 'e', 'l']","{'l': 1182, 'a': 591, 'b': 591, 'e': 591}"
20,4,6,"['a', 'b', 'e', 'l']","{'l': 6, 'a': 3, 'b': 3, 'e': 3}"
20,4,3,"['a', 'b', 'e', 'l']","{'l': 6, 'a': 3, 'b': 3, 'e': 3}"
20,4,3,"['a', 'b', 'e', 'l']","{'l': 6, 'a': 3, 'b': 3, 'e': 3}"
20,4,9,"['a', 'b', 'e', 'l']","{'l': 1182, 'a': 591, 'b': 591, 'e': 591}"
20,4,0,"['a', 'b', 'e', 'l']","{'l': 4, 'a': 2, 'b': 2, 'e': 2}"
20,4,3,"['a', 'b', 'e', 'l']","{'l': 6, 'a': 3, 'b': 3, 'e': 3}"
20,4,9,"['a', 'b', 'e', 'l']","{'l': 1182, 'a': 591, 'b': 591, 'e': 591}"
20,4,9,"['a', 'b', 'e', 'l']","{'l': 1182, 'a': 591, 'b': 591, 'e': 591}"
20,4,6,"['a', 'b', 'e', 'l']","{'l': 6, 'a': 3, 'b': 3, 'e': 3}"
20,4,3,"['a', 'b', 'e', 'l']","{'l': 6, 'a': 3, 'b': 3, 'e': 3}"
20,4,0,"['a', 'b', 'e', 'l']","{'l': 4, 'a': 2, 'b': 2, 'e': 2}"
20,4,9,"['a', 'b', 'e', 'l']","{'l': 1182, 'a': 591, 'b': 591, 'e': 591}"
20,4,0,"['a', 'b', 'e', 'l']","{'l': 4, 'a': 2, 'b': 2, 'e': 2}"
20,4,3,"['a', 'b', 'e', 'l']","{'l': 6, 'a': 3, 'b': 3, 'e': 3}"
20,4,6,"['a', 'b', 'e', 'l']","{'l': 6, 'a': 3, 'b': 3, 'e': 3}"
20,4,9,"['a', 'b', 'e', 'l']","{'l': 1182, 'a': 591, 'b': 591, 'e': 591}"
20,4,0,"['a', 'b', 'e', 'l']","{'l': 4, 'a': 2, 'b': 2, 'e': 2}"
20,4,6,"['a', 'b', 'e', 'l']","{'l': 6, 'a': 3, 'b': 3, 'e': 3}"
20,4,6,"['a', 'b', 'e', 'l']","{'l': 6, 'a': 3, 'b': 3, 'e': 3}"
20,4,9,"['a', 'b', 'e', 'l']","{'l': 1182, 'a': 591, 'b': 591, 'e': 591}"
20,4,3,"['a', 'b', 'e', 'l']","{'l': 6, 'a': 3, 'b': 3, 'e': 3}"
20,4,6,"['a', 'b', 'e', 'l']","{'l': 6, 'a': 3, 'b': 3, 'e': 3}"
20,4,9,"['a', 'b', 'e', 'l']","{'l': 1182, 'a': 591, 'b': 591, 'e': 591}"
